title,url,appliance_type
How to Clean a Bosch Dishwasher,https://www.partselect.com/blog/how-to-clean-a-bosch-dishwasher/,dishwasher
Why Your Refrigerator Compressor is Getting Hot,https://www.partselect.com/blog/refrigerator-compressor-getting-hot/,refrigerator
Why Your Dishwasher is Stopping Mid-Cycle,https://www.partselect.com/blog/why-dishwasher-stops-mid-cycle/,dishwasher
How to Reset a Frigidaire Fridge,https://www.partselect.com/blog/how-to-reset-a-frigidaire-refrigerator/,refrigerator
How to Use Power Cool on a Samsung Fridge,https://www.partselect.com/blog/how-to-use-power-cool-on-a-samsung-fridge/,refrigerator
How to Reset a GE Profile Refrigerator Ice Maker,https://www.partselect.com/blog/how-to-reset-a-ge-profile-ice-maker/,refrigerator
How to Fix a Frigidaire Dishwasher that Won't Drain,https://www.partselect.com/blog/how-to-fix-frigidaire-dishwasher-not-draining/,dishwasher
How to Fix a Bosch Ice Maker,https://www.partselect.com/blog/bosch-ice-maker-not-working/,refrigerator
How to Clean a Whirlpool Dishwasher Filter,https://www.partselect.com/blog/how-to-clean-whirlpool-dishwasher-filter/,dishwasher
Why Your Refrigerator is Tripping the Breaker,https://www.partselect.com/blog/refrigerator-tripping-breaker/,refrigerator
How to Quickly Fix the Bosch Dishwasher E22 Error,https://www.partselect.com/blog/bosch-dishwasher-e22-error-code/,dishwasher
Why is Your Samsung Dishwasher Heavy Light Blinking or Flashing?,https://www.partselect.com/blog/what-does-samsung-dishwasher-blinking-heavy-mean/,dishwasher
How to Fix the Bosch Dishwasher E15 Error Code,https://www.partselect.com/blog/bosch-dishwasher-e15-error-code/,dishwasher
How to Remove a Dishwasher in 8 Easy Steps,https://www.partselect.com/blog/how-to-remove-dishwasher/,dishwasher
How to Fix a GE Dishwasher Leaking from the Bottom,https://www.partselect.com/blog/ge-dishwasher-leaking-from-bottom/,dishwasher
How to Fix a Torn Refrigerator Door Seal,https://www.partselect.com/blog/how-to-fix-a-torn-refrigerator-door-seal/,refrigerator
How to Replace an LG Refrigerator's Water Filter,https://www.partselect.com/blog/how-to-replace-lg-refrigerator-water-filter/,refrigerator
How to Quickly Clear the LG Dishwasher AE Error Code,https://www.partselect.com/blog/lg-dishwasher-ae-error-code/,dishwasher
Bosch Dishwasher Has a Red Light and Won't Start? Do This.,https://www.partselect.com/blog/bosch-dishwasher-not-starting-and-red-light/,dishwasher
Top Reasons Why Your Samsung Ice Maker isn't Working,https://www.partselect.com/blog/samsung-ice-maker-not-working/,refrigerator
How to Resolve an Error Code 41 on Your Samsung Fridge,https://www.partselect.com/blog/samsung-fridge-error-code-41/,refrigerator
How to Fix a Frigidaire Freezer not Freezing,https://www.partselect.com/blog/how-to-fix-frigidaire-freezer-not-freezing/,refrigerator
What the tF and tC Codes Mean on GE Fridges,https://www.partselect.com/blog/ge-refrigerator-tf-tc-code/,refrigerator
How to Easily Repair or Replace a Refrigerator Shelf,https://www.partselect.com/blog/repair-or-replace-refrigerator-shelf/,refrigerator
How to Put a Lock on a Refrigerator,https://www.partselect.com/blog/how-to-put-a-lock-on-a-refrigerator/,refrigerator
Why is Your Fridge Making Humming Noises?,https://www.partselect.com/blog/refrigerator-humming-noise/,refrigerator
What Does an F2 Error Code Mean on a Whirlpool Dishwasher?,https://www.partselect.com/blog/whirlpool-dishwasher-F2-error-code/,dishwasher
How to Reset Your Whirlpool Dishwasher,https://www.partselect.com/blog/how-to-reset-a-whirlpool-dishwasher-guide/,dishwasher
How to Reset the Water Filter Light on a Samsung Fridge,https://www.partselect.com/blog/samsung-reset-water-filter-light/,refrigerator
How to Easily Fix a Broken Refrigerator Ice Maker,https://www.partselect.com/blog/fix-broken-refrigerator-ice-maker/,refrigerator
How to Reset Your GE Dishwasher,https://www.partselect.com/blog/how-to-reset-ge-dishwasher/,dishwasher
How to Fix a GE Dishwasher with No Power or Lights,https://www.partselect.com/blog/ge-dishwasher-no-power-no-lights/,dishwasher
How to Fix a Samsung Fridge Error Code 22E,https://www.partselect.com/blog/samsung-refrigerator-22E-error-code/,refrigerator
What the Frigidaire Fridge SY EF / 5Y EF Codes Mean,https://www.partselect.com/blog/frigidaire-refrigerator-sy-ef-error-code/,refrigerator
How To Fix Frigidaire Refrigerator Error Code H1/HI,https://www.partselect.com/blog/frigidaire-refrigerator-h1-hi-error-code/,refrigerator
How to Easily Resolve the Bosch E24 Error Code,https://www.partselect.com/blog/bosch-dishwasher-e24-error-code/,dishwasher
6 Fridge Energy Saving Tips,https://www.partselect.com/blog/fridge-energy-saving-tips/,refrigerator
Why is my Refrigerator Not Cooling?,https://www.partselect.com/blog/refrigerator-not-cooling/,refrigerator
Proper Fridge Food Storage,https://www.partselect.com/blog/proper-fridge-food-storage/,refrigerator
